UTM_Campaign;UTM_Content ;UTM_Term;Marketing Qualified Date;Account Owner Territory;Marketo Qualification Level;Marketo Interest Level;Unmatched;Hand Raiser;UTM_Medium
fy23-q4-amer-customer_engagement_review_qsr;;;1/23/2023 12:00 AM;AMER Emerging Ent - West - 1;High;Low;0;0;paid-content-syndication
fy22-amer-email_marketing_platform;undefined;email_marketing_tool|email marketing tool|p|g|c||542343389162;11/27/2022 12:00 AM;AMER Scale - Central;High;;0;1;paid-search
fy22-amer-comp_direct_competitors;mt_competitor_ad_copy_fy22;mailchimp|mailchimp|p|g|c||572979184291;1/12/2023 12:00 AM;;Medium;;1;1;paid-search
fy22-amer-email_marketing_platform;;email_marketing_services|email marketing services|p|g|c||516472499212#CjwKCAiApvebBhAvEiwAe7mHSPzUXqoLmbFbR7h3E7J-OSCVzUtcWc1MAhp7olAeJs8CdjGespBlsxoC1GwQAvD_BwE;11/23/2022 10:11 AM;SMB AMER - East;Medium;;1;1;paid-search
fy24-q3-amer-customer_engagement_review;segment_guide;;11/3/2022 12:00 AM;AMER Enterprise - East;Medium;Low;0;0;paid-content-syndication
fy22-q1-amer-customer_engagement_review;customer_engagement_review;digital_customer_engagement|digital customer engagement|p|g|c||499449654380;1/18/2023 12:00 AM;AMER Scale - West - 1;Low;Low;0;0;paid-search
fy22-amer-email_marketing_platform;;email_marketing_agency|email marketing agency|p|g|c||587080375810#Cj0KCQiAnsqdBhCGARIsAAyjYjSCj8j0BOadutePAMv3ofjsnGIu1vhKHHpx5oNw682nwUe29ynmhawaAo0BEALw_wcB;1/2/2023 12:00 AM;SMB AMER - Central;High;;1;1;paid-search
fy23-q3-amer-modern_customer_retention_guide;;;11/9/2022 12:00 AM;AMER Emerging Ent - East - 2;High;Medium;0;0;paid-content-syndication
fy23-q4-amer-enterprise_adobe;;|marketo|e|g|c||644712759564#CjwKCAiA5sieBhBnEiwAR9oh2ls-HkLaol82CIL48-oYlopd_EDX3wP-E4623-HwJUSgH_Qf_j68BRoCoaIQAvD_BwE;1/26/2023 3:52 PM;;Medium;;1;1;paid-search
fy22-amer-email_marketing_platform;undefined;platform_for_email_marketing|email service provider|p|g|c||542343389186;11/1/2022 12:00 AM;SMB AMER - Central;High;;0;1;paid-search
fy23-q4-amer-g2_smb;cer_2022;undefined;1/9/2023 12:00 AM;AMER Scale - West - 1;High;Low;0;0;paid-social
fy23-q3-amer-modern_customer_retention_guide;;;1/10/2023 12:00 AM;AMER Enterprise - Central;High;Medium;0;0;paid-content-syndication
fy22-amer-brand_l_brand;mt_brand_ad_copy_fy22;braze_em_kw|braze|e|g|c||587080375402;12/22/2022 12:00 AM;SMB AMER - Central;High;Low;1;1;paid-search
fy23-q2-amer-mobile_marketing_guide;customer_engagement_review;;1/21/2023 12:00 AM;AMER Scale - East - 1;High;Low;0;0;paid-content-syndication
fy22-amer-acq_e_retention-marketing;mt_brand_ad_copy_fy22;customer-retention_em|customer retention platforms|e|g|c||572731153894#CjwKCAjwjtOTBhAvEiwASG4bCJlf8DixSy1we4yaUOdiEAcuJNNUJlcwIT9sdrgD70iP9ZPzo4vPYRoCAYIQAvD_BwE;1/12/2023 12:00 AM;SMB AMER - Central;High;;0;1;paid-search
fy22-amer-brand_l_brand;mt_brand_ad_copy_fy22;braze-pricing_em|braze pricing|e|g|c||502656816223;12/13/2022 12:00 AM;SMB AMER - West;Medium;;1;1;paid-search
fy23-q4-amer-retail_inspiration_guide;;;1/20/2023 12:00 AM;AMER Enterprise - Central;High;Medium;0;0;paid-content-syndication
fy22-amer-email_marketing_platform;;email_marketing_tool|email marketing tool|p|g|c||542343389162#Cj0KCQiAiJSeBhCCARIsAHnAzT_NLkARc4swB8UvpGfxMRSJaYXEz4S8j_8mUa4jH0vZu2iYoq56JtkaAiONEALw_wcB;1/16/2023 10:31 AM;;High;;1;1;paid-search
fy23-q4-amer-modern_customer_retention_guide;;;12/17/2022 12:00 AM;AMER Emerging Ent - West - 2;High;Low;0;0;paid-content-syndication
fy24-q3-amer-post_holiday_campaigns_guide;;;1/19/2023 12:00 AM;AMER Enterprise - Central;High;Low;0;0;paid-content-syndication
fy23-q4-amer-bau_retint;customer_engagement_ebook;undefined;1/18/2023 12:00 AM;AMER Scale - East - 1;High;Low;0;0;paid-social
fy24-q3-amer-customer_engagement_review;;;1/13/2023 12:00 AM;AMER Enterprise - West;High;Low;0;0;paid-content-syndication
Acq_M_Engagement-Lifecycle_NA*2019-CustEng-eBook;undefined;lifecycle-marketing_em|lifecycle marketing|e|g|c||379480664394;11/8/2022 12:00 AM;AMER Scale - West - 1;High;;0;0;paid-search
fy24-q2-amer-under_the_hood_guide;;;1/19/2023 12:00 AM;AMER Emerging Ent - West - 1;Low;Low;0;0;paid-content-syndication
fy23-q4-amer-bau_retint;customer_engagement_ebook;undefined;1/18/2023 12:00 AM;SMB AMER - East;Medium;;0;0;paid-social
fy23-q4-amer-modern_customer_retention_guide;;;1/19/2023 12:00 AM;AMER Enterprise - West;High;Low;0;0;paid-content-syndication
fy24-q4-amer-email_big;;;12/16/2022 12:00 AM;AMER Scale - East - 1;High;Low;0;0;paid-content-syndication
fy23-q4-amer-best_in_class_email_guide;;;1/12/2023 12:00 AM;AMER Emerging Ent - West - 1;High;;0;0;paid-content-syndication
fy22-amer-brand_l_brand;mt_brand_ad_copy_fy22;braze_push_notifications|braze push notifications|e|g|c||587080375384#Cj0KCQiA5NSdBhDfARIsALzs2ED2yP6zW_YTVOWIARg1_MTr-8HHpjMLxechfyrImeZha-1crKeAJusaAtOCEALw_wcB;1/10/2023 12:00 AM;SMB AMER - East;Low;;1;1;paid-search
fy22-amer-brand_l_brand;mt_brand_ad_copy_fy22;braze_em_kw|braze|e|g|c||502608598011;11/3/2022 12:00 AM;AMER Emerging Ent - East - 2;High;;0;1;paid-search
fy22-amer-brand_l_brand;mt_brand_ad_copy_fy22;braze_pm_kw|braze|p|g|c||587080375408;11/22/2022 12:00 AM;;High;;1;1;paid-search
fy22-amer-brand_l_brand;mt_brand_ad_copy_fy22;braze_pm_kw|braze|p|g|c||502656816190;1/3/2023 12:00 AM;;High;;1;1;paid-search
fy22-amer-email_marketing;;email_marketing|email marketing|p|g|c||542343389213#Cj0KCQiA-oqdBhDfARIsAO0TrGGL09HZXMMGwE4ik-EmqqPcJYCZti1wVHMI5AJ9dE1CPEB7712o6D0aAtQ8EALw_wcB;12/21/2022 12:00 AM;AMER Scale - Central;Medium;;0;1;paid-search
fy22-amer-brand_l_brand;mt_brand_ad_copy_fy22;braze-pricing_em|braze pricing|e|g|c||502656816223;11/30/2022 12:00 AM;SMB AMER - Central;High;Low;0;1;paid-search
fy22-amer-email_marketing_platform;undefined;platform_for_email_marketing|email service provider|p|g|c||542343389186;1/1/2023 12:00 AM;;High;Low;1;1;paid-search
fy22-amer-brand_l_brand;mt_brand_ad_copy_fy22;braze_em_kw|braze|e|g|c||587080375405;1/18/2023 12:00 AM;AMER Emerging Ent - East - 2;Low;Low;0;1;paid-search
fy22-amer-email_marketing_platform;;best_email_marketing_service|best email marketing service|e|g|c||516472499164#CjwKCAiA9qKbBhAzEiwAS4yeDXOnFE9naIEmSsLRTtetg_ycraT6jCI9MHMkH0iWnhtmrebJNW0U9xoCM04QAvD_BwE;11/7/2022 12:55 PM;SMB AMER - East;High;;1;1;paid-search
fy22-amer-comp_direct_competitors;mt_competitor_ad_copy_fy22;mailchimp|mailchimp|p|g|c||572979184291;1/12/2023 12:00 AM;SMB AMER - East;Medium;;1;1;paid-search
fy22-amer-email_marketing_platform;;automated_email_marketing_platform|automated email marketing platform|p|g|c||516472499032#CjwKCAjwzY2bBhB6EiwAPpUpZmgGk1NE6ss0tW__w6PtkQuCyd9Y7Zs2GNHVRxSHkSE2_oQ2ECr3NxoCJQoQAvD_BwE;11/3/2022 12:36 PM;SMB AMER - West;Medium;Low;1;1;paid-search
fy23-q3-amer-modern_customer_retention_guide;;;11/18/2022 12:00 AM;AMER Enterprise - Central;High;Medium;0;0;paid-content-syndication
fy23-q4-amer-power_of_personalization;;;1/9/2023 12:00 AM;AMER Emerging Ent - West - 1;High;Medium;0;0;paid-content-syndication
fy23-q2-amer-shopify_guide;;;1/12/2023 12:00 AM;AMER Emerging Ent - West - 2;Medium;Low;0;0;paid-content-syndication
fy22-amer-email_marketing_platform;;email_marketing_agency|email marketing agency|e|g|c||587080375801#CjwKCAiAqt-dBhBcEiwATw-ggImsHECVgUNcV9lNBH1seL8mtuP8gs6tkJ-RE4D1DhFa9ZRgCq0XzxoCjewQAvD_BwE;1/6/2023 2:36 PM;SMB AMER - Central;Medium;Low;0;0;paid-search
fy22-amer-brand_l_brand;mt_brand_ad_copy_fy22;braze_canvas|braze canvas|e|g|c||527617536220;11/17/2022 12:00 AM;SMB AMER - East;High;Low;1;1;paid-search
fy22-amer-email_marketing_platform;;email_marketing_tool|email marketing tool|p|g|c||542343389162#CjwKCAiAzp6eBhByEiwA_gGq5A_NcgTB8lSylORxhHo2HnpQJqqDo8L3fBTzqC8SgrGf2UmPnpE8lRoCabwQAvD_BwE;1/18/2023 3:13 PM;;Medium;;1;1;paid-search
fy22-amer-email_marketing_platform;undefined;email_marketing_services|email marketing services|p|g|c||516472499212;12/13/2022 12:00 AM;;Medium;;1;1;paid-search
fy22-amer-email_marketing;;email_marketing|email marketing|p|g|c||542343389210#Cj0KCQiAn4SeBhCwARIsANeF9DIc573Nu6lY9SNnzi2iz-srjNK-HxXL80Pm-5cAPMHfeNe-X5dMvDwaAgc9EALw_wcB;1/13/2023 12:32 PM;;High;;1;1;paid-search
fy24-q3-amer-post_holiday_campaigns_guide;;;12/9/2022 12:00 AM;AMER Enterprise - Central;Medium;Low;0;0;paid-content-syndication
fy23-q3-amer-modern_customer_retention_guide;;;11/18/2022 12:00 AM;AMER Emerging Ent - West - 1;High;Medium;0;0;paid-content-syndication
fy23-q4-amer-remarketing_allsite;inspiration_guide;undefined;1/20/2023 12:00 AM;AMER Emerging Ent - West - 1;Low;Low;0;0;paid-social
fy23-q3-amer-modern_customer_retention_guide;;;11/9/2022 12:00 AM;AMER Enterprise - East;High;Medium;0;0;paid-content-syndication
fy24-q4-amer-email_big;newsletter;undefined;1/11/2023 12:00 AM;AMER Scale - East - 1;High;Low;0;0;paid-content-syndication
fy22-amer-email_marketing_platform;undefined;email_marketing_tool|email marketing tool|p|g|c||542343389162;12/1/2022 12:00 AM;;Low;;1;1;paid-search
fy22-amer-email_marketing_platform;undefined;email_marketing_services|email marketing services|e|g|c||516472499212;12/12/2022 12:00 AM;;High;;1;1;paid-search
fy22-q2-amer-marketing_ecosystems_guide;marketing_ecosystems_guide;;12/15/2022 12:00 AM;AMER Emerging Ent - West - 1;High;Low;0;0;paid-content-syndication
fy22-amer-email_marketing_platform;;email_marketing_tool|email marketing tool|p|g|t||542343389162#Cj0KCQiAlKmeBhCkARIsAHy7WVthh0hhnscw3mjt0iYnU3Ud210zDLeY0DbVqumx0Zy2VxkcroN4y_EaAj81EALw_wcB;1/21/2023 12:32 AM;;High;;1;1;paid-search
fy22-q1-amer-customer_engagement_review;customer_engagement_review;ideas_for_customer_engagement|ideas for customer engagement|p|g|c||499350053475;1/4/2023 12:00 AM;AMER Scale - Central;High;;0;0;paid-search
fy23-q-amer-retail_customer_engagement_review;email_marketing_guide;;1/23/2023 12:00 AM;AMER Enterprise - Central;High;Low;0;0;paid-content-syndication
fy22-amer-brand_l_brand;mt_brand_ad_copy_fy22;braze-pricing_em|braze pricing|e|g|c||502656816223#CjwKCAiA5sieBhBnEiwAR9oh2vHOZLsfyzybUtgSfAUeWCkxljQN7M8sh5m1xysjKl3jErOR-aHFFhoC7qwQAvD_BwE;1/26/2023 12:52 PM;SMB AMER - West;High;Low;1;1;paid-search
fy22-amer-email_marketing_platform;;platform_for_email_marketing|email service provider|p|g|c||542343389186#EAIaIQobChMIvcXQmayf_AIVF-TICh3EMw6uEAAYASAAEgI2a_D_BwE;12/29/2022 12:31 PM;;High;;1;1;paid-search
fy22-amer-brand_l_brand;mt_brand_ad_copy_fy22;braze_em_kw|braze|e|g|c||502608598011;12/8/2022 12:00 AM;SMB AMER - AM;High;Low;1;1;paid-search
fy23-q2-amer-comp_direct_competitors_klaviyo;mt_competitor_ad_copy_fy22;|klaviyo|p|g|m||610788573080;12/7/2022 12:00 AM;SMB AMER - Central;High;;0;1;paid-search
fy23-q4-amer-best_in_class_email_guide;;;12/16/2022 12:00 AM;AMER Scale - Central;High;Low;0;0;paid-content-syndication
fy23-q3-amer-modern_customer_retention_guide;;;1/10/2023 12:00 AM;AMER Enterprise - Strat;High;Medium;0;0;paid-content-syndication
fy23-q4-amer-best_in_class_email_guide;;;1/11/2023 12:00 AM;AMER Emerging Ent - East - 2;High;Low;0;0;paid-content-syndication
fy22-amer-push_and_messaging;mt_push_and_messaging_ad_copy_fy22;|push notifications marketing|p|g|c||511889410301;11/3/2022 12:00 AM;SMB AMER - West;High;Low;0;0;paid-search
fy23-q4-amer-retail_inspiration_guide;;;1/25/2023 12:00 AM;AMER Enterprise - Central;High;Low;0;0;paid-content-syndication
fy23-q4-amer-customer_engagement_review_canada;;;1/9/2023 12:00 AM;AMER Enterprise - Strat;High;Low;0;0;paid-content-syndication
fy22-amer-brand_l_brand;mt_brand_ad_copy_fy22;braze_em_kw|braze|e|g|c||587080375402;11/3/2022 12:00 AM;SMB AMER - East;Medium;Low;1;1;paid-search
fy23-q4-amer-bau_smb;retention_guide;undefined;1/31/2023 12:00 AM;SMB AMER - West;High;Low;0;0;paid-social
fy24-q3-amer-customer_engagement_review;customer_engagement_review;;12/9/2022 12:00 AM;AMER Enterprise - Central;High;Low;0;0;paid-content-syndication
fy22-amer-acq_e_retention-marketing;mt_retention_ad_copy_fy22;app-retention_em|app retention|e|g|c||572731153879;1/8/2023 12:00 AM;AMER Enterprise - East;High;;0;0;paid-search
fy22-amer-email_marketing;;email_marketing|email marketing|p|g|c||542343389210#CjwKCAiA2fmdBhBpEiwA4CcHzcT19lJ4EpmpFInFHjgd9moaOiVLt4sJCReZvkqqaEX2l-FHoNTbjBoCdLEQAvD_BwE;1/11/2023 2:49 PM;;High;;1;1;paid-search
fy22-amer-brand_l_brand;mt_brand_ad_copy_fy22;braze_em_kw|braze|e|g|c||587080375402#Cj0KCQiA7bucBhCeARIsAIOwr-8VsAeZ98ypmx06ufkGFVOORF0XCStlEplz0-Xw_ahWS_u0GIik2WgaAtrBEALw_wcB;12/6/2022 4:05 PM;;Low;Low;1;1;paid-search
fy22-amer-brand_l_brand;mt_brand_ad_copy_fy22;braze_clients|braze clients|e|g|c||502699581833;12/21/2022 12:00 AM;;High;;1;1;paid-search
fy22-amer-email_marketing;mt_email_marketing_platform_ad_copy_fy21;email_marketing|email marketing|p|g|c||542343632615#Cj0KCQiA1sucBhDgARIsAFoytUvpraaebyVLPl9Y4WAAo5MjOdGPZuE8LyilpY8zlHzrcpEdA2cWKyUaAs-1EALw_wcB;12/9/2022 12:24 PM;;High;Low;1;1;paid-search
fy23-q2-amer-mobile_marketing_guide;;;11/9/2022 12:00 AM;AMER Emerging Ent - West - 2;High;Low;0;0;paid-content-syndication
fy22-amer-email_marketing_platform;;platform_for_email_marketing|email service provider|p|g|c||542343389186#Cj0KCQiAn4SeBhCwARIsANeF9DJEql-xqryDT-xCDsQrj2VlqN4yt0SQ8pLx0UGgTKUW7LWy98nict4aAqPyEALw_wcB;1/13/2023 11:49 AM;SMB AMER - East;High;;1;1;paid-search
fy23-q4-amer-mobile_marketing;inapp_message_guide;undefined;12/8/2022 12:00 AM;AMER Enterprise - East;Medium;;0;0;paid-social
fy23-q4-amer-customer_engagement_review_qsr;;;1/4/2023 12:00 AM;AMER Emerging Ent - East - 2;High;Low;0;0;paid-content-syndication
fy22-amer-brand_l_brand;mt_brand_ad_copy_fy22;braze_em_kw|braze|e|g|c||502608598011;11/2/2022 12:00 AM;SMB AMER - East;Medium;;1;1;paid-search
fy22-amer-email_marketing_platform;undefined;email_marketing_services|email marketing services|p|g|c||516472499212;1/16/2023 12:00 AM;AMER Scale - West - 1;Medium;Low;0;1;paid-search
fy22-amer-brand_l_brand;mt_brand_ad_copy_fy22;braze_em_kw|braze|e|g|c||502608598011;11/15/2022 12:00 AM;;Medium;;1;1;paid-search
fy23-q4-amer-best_in_class_email_guide;;;12/15/2022 12:00 AM;AMER Enterprise - West;High;Low;0;0;paid-content-syndication
Acq_M_Engagement-Lifecycle_NA*2019-CustEng-eBook;undefined;lifecycle-marketing_pm|lifecycle marketing|p|g|c||379480664589;1/9/2023 12:00 AM;AMER Enterprise - West;Medium;Low;0;0;paid-search
fy22-amer-email_marketing_platform;undefined;platform_for_email_marketing|email service provider|p|g|m||542343389186;12/16/2022 12:00 AM;;Medium;;1;1;paid-search
fy22-amer-brand_l_brand;mt_brand_ad_copy_fy22;braze_em_kw|braze|e|g|c||587080375402;12/8/2022 12:00 AM;;Medium;Low;1;1;paid-search
fy23-q1-amer-snowflake_guide;snowflake_guide;;11/2/2022 12:00 AM;AMER Emerging Ent - West - 1;Medium;Low;0;0;paid-content-syndication
fy22-amer-email_marketing_platform;undefined;software_for_email_marketing|software for email marketing|e|g|c||542343389030;11/17/2022 12:00 AM;;High;;1;1;paid-search
fy23-q4-amer-best_in_class_email_guide;;;1/9/2023 12:00 AM;AMER Emerging Ent - West - 1;Medium;Low;0;0;paid-content-syndication
fy24-q3-amer-customer_engagement_review;;;1/13/2023 12:00 AM;AMER Enterprise - West;High;Low;0;0;paid-content-syndication
fy22-amer-email_marketing_platform;;email_marketing_agency|email marketing agency|e|g|c||587080375810#CjwKCAiAwc-dBhA7EiwAxPRylIzU_9mEP8wmkFE1dUZoab9LveWjg89xwgUvHbMeUY4VJ88sZOOM2RoC_pUQAvD_BwE;1/3/2023 12:49 PM;SMB AMER - East;Low;;0;1;paid-search
Acq_M_Engagement-Lifecycle_NA*2019-CustEng-eBook;undefined;lifecycle-marketing_pm|lifecycle marketing|p|g|c||379480664589;12/8/2022 12:00 AM;AMER Emerging Ent - West - 1;Medium;;0;0;paid-search
fy22-q1-amer-customer_engagement_review;customer_engagement_review;customer_engagement|customer engagement|p|g|c||499449654143;12/6/2022 12:00 AM;SMB AMER - Central;High;;0;0;paid-search
fy23-q-amer-retail_customer_engagement_review;;;11/9/2022 12:00 AM;AMER Enterprise - East;High;Medium;0;0;paid-content-syndication
fy22-amer-brand_l_brand;mt_brand_ad_copy_fy22;braze-pricing_em|braze pricing|e|g|c||502656816226#Cj0KCQiAic6eBhCoARIsANlox87nWqj_TGXK25hgcbGOM405U_BiwVbEO4WYcpbJ5EtJ2DT3h6-lfkkaAuB-EALw_wcB;1/27/2023 9:26 PM;;High;Low;1;1;paid-search
fy22-amer-brand_l_brand;mt_brand_ad_copy_fy22;braze_em_kw|braze|e|g|c||502608598011;12/5/2022 12:00 AM;AMER Emerging Ent - East - 2;Medium;;1;1;paid-search
fy23-q4-amer-bau_ccmskill;customer_engagement_ebook;undefined;1/31/2023 12:00 AM;AMER Scale - West - 1;High;Medium;0;0;paid-social
fy22-amer-email_marketing_platform;undefined;email_marketing_tool|email marketing tool|p|g|c||542343389162;11/25/2022 12:00 AM;;Low;Low;1;1;paid-search
fy23-q4-amer-customer_engagement_review_canada;;;1/9/2023 12:00 AM;AMER Enterprise - East;Medium;Low;0;0;paid-content-syndication
fy23-q4-amer-bau_smb;retention_guide;undefined;1/21/2023 12:00 AM;SMB AMER - East;High;;0;0;paid-social
fy22-amer-email_marketing_platform;undefined;email_marketing_services|email marketing services|p|g|c||516472499212;11/10/2022 12:00 AM;SMB AMER - Central;Medium;;0;1;paid-search
fy22-amer-email_marketing_platform;undefined;email_marketing_agency|email marketing agency|e|g|m||587080375810;12/29/2022 12:00 AM;;High;;1;1;paid-search
fy22-amer-comp_direct_competitors;mt_competitor_ad_copy_fy22;bronto|onesignal|e|g|c||615917132795#Cj0KCQiA_bieBhDSARIsADU4zLecwt2FH6sszVaCNnjfdMsHFA6Ag3Wyh1svJJCm-Y5dPaa0RY1wU34aAhfQEALw_wcB;1/24/2023 11:38 AM;SMB AMER - East;High;;1;1;paid-search
fy23-q3-amer-modern_customer_retention_guide;;;12/13/2022 12:00 AM;AMER Scale - West - 1;High;Low;0;0;paid-content-syndication
fy23-q3-amer-modern_customer_retention_guide;;;11/18/2022 12:00 AM;AMER Emerging Ent - West - 1;High;Low;0;0;paid-content-syndication
fy23-q4-amer-bau_smb;customer_engagement_ebook;undefined;11/28/2022 12:00 AM;SMB AMER - West;High;;1;1;paid-social
fy24-q1-amer-mobile_messaging_big;customer_engagement_review;;1/26/2023 12:00 AM;AMER Scale - West - 1;High;Low;0;0;paid-content-syndication
fy22-amer-brand_l_brand;mt_brand_ad_copy_fy22;braze_em_kw|braze|e|g|c||502608598011;11/16/2022 12:00 AM;SMB AMER - West;High;;0;1;paid-search
fy22-amer-email_marketing_platform;undefined;email_marketing_tool|email marketing tool|p|g|c||542343389165;1/8/2023 12:00 AM;;High;;1;1;paid-search
fy22-q1-amer-customer_engagement_review;customer_engagement_review;;12/15/2022 12:00 AM;AMER Emerging Ent - East - 2;High;Low;0;0;paid-content-syndication
fy22-amer-brand_l_brand;mt_brand_ad_copy_fy22;braze_email_marketing|braze email marketing|e|g|c||587080375624#Cj0KCQiA1NebBhDDARIsAANiDD1X3x8DTyabgOv4RYIOJdsCKjE8DoxbNWrUOOZjnNDZw-r7HqntjPcaAruyEALw_wcB;11/17/2022 1:20 PM;SMB AMER - East;Medium;Low;1;1;paid-search
fy23-q4-amer-remarketing_allsite;inspiration_guide;undefined;1/20/2023 12:00 AM;AMER Scale - Central;Low;Low;0;0;paid-social
Acq_M_Engagement-Lifecycle_NA*2019-CustEng-eBook;undefined;lifecycle-marketing_pm|lifecycle marketing data|p|g|m||379480664589;12/30/2022 12:00 AM;AMER Emerging Ent - West - 2;High;;0;0;paid-search
fy22-amer-brand_l_brand;mt_brand_ad_copy_fy22;braze_em_kw|braze|e|g|c||502608598011#CjwKCAjwwL6aBhBlEiwADycBIM-_X6T_vlVcDiVixSUouAAzoq6PHYBSO7QKiqnlqfAB0rUqrI99whoCJrIQAvD_BwE;11/17/2022 12:00 AM;AMER Emerging Ent - East - 2;Medium;;0;0;paid-search
fy22-amer-brand_l_brand;mt_brand_ad_copy_fy22;braze_em_kw|braze|e|g|c||587080375402;11/28/2022 12:00 AM;AMER Emerging Ent - West - 1;Medium;;0;1;paid-search
fy23-q4-amer-remarketing_allsite_connect;connect_with_sales;undefined;1/17/2023 12:00 AM;;Medium;Low;1;1;paid-social
fy22-amer-comp_direct_competitors_iterable;undefined;|iterable vs braze|e|g|c||590778441514;1/11/2023 12:00 AM;AMER Scale - West - 1;Medium;Low;0;1;paid-search
fy22-amer-email_marketing_platform;undefined;email_marketing_agency|email marketing agency|e|g|c||587080375810;12/21/2022 12:00 AM;;High;;1;1;paid-search
fy23-q4-amer-remarketing_allsite;inspiration_guide;undefined;1/21/2023 12:00 AM;AMER Emerging Ent - East - 2;Medium;Low;0;0;paid-social
fy22-amer-email_marketing_platform;;email_marketing_services|email marketing services|p|g|c||516472499212#Cj0KCQiA99ybBhD9ARIsALvZavVYsnpwtvWxgADrGCWiNQfomJsA2b7bu3Nj557qaktiw1ydw21p4ioaAvYyEALw_wcB;11/18/2022 3:07 PM;;Medium;;1;1;paid-search
fy22-amer-email_marketing_platform;undefined;email_marketing_agency|email marketing agency|p|g|m||587080375810;12/23/2022 12:00 AM;;High;;1;1;paid-search
fy23-q4-amer-retail_inspiration_guide;retention_guide;;12/9/2022 12:00 AM;AMER Enterprise - East;High;Low;0;0;paid-content-syndication
fy23-q4-amer-remarketing_allsite;inspiration_guide;undefined;1/9/2023 12:00 AM;AMER Enterprise - West;Medium;;0;0;paid-social
fy22-amer-brand_l_brand;mt_brand_ad_copy_fy22;braze_em_kw|braze|e|g|c||587080375402#CjwKCAjwh4ObBhAzEiwAHzZYUzncmXpvpWQzf-y-UpiEHj264gOm5m0BKZK4ae2TbB7z2j87iPq-qxoCi2YQAvD_BwE;11/8/2022 12:00 AM;AMER Scale - Central;High;Low;0;0;paid-search
fy23-q4-amer-best_in_class_email_guide;;;1/3/2023 12:00 AM;AMER Enterprise - Strat;High;Low;0;0;paid-content-syndication
fy24-q1-amer-finserv_inspiration_guide;;;12/16/2022 12:00 AM;AMER Emerging Ent - West - 2;High;Low;0;0;paid-content-syndication
fy23-q4-amer-retail_inspiration_guide;;;1/20/2023 12:00 AM;AMER Enterprise - Central;High;Low;0;0;paid-content-syndication
fy22-amer-email_marketing;undefined;email_marketing|email marketing|p|g|c||542343389210;1/29/2023 12:00 AM;;High;;1;1;paid-search
Acq_M_Engagement-Lifecycle_NA*2019-CustEng-eBook;undefined;lifecycle-marketing_pm|lifecycle marketing|p|g|c||379480664589;12/6/2022 12:00 AM;SMB AMER - East;High;Low;0;0;paid-search
fy23-q4-amer-best_in_class_email_guide;;;12/16/2022 12:00 AM;AMER Emerging Ent - West - 2;High;Low;0;0;paid-content-syndication
fy22-amer-email_marketing_platform;mt_email_marketing_platform_ad_copy_fy21;email_marketing_agency|email marketing agency|e|g|c||587080375678;1/20/2023 12:00 AM;AMER Scale - Central;Medium;;1;1;paid-search
fy23-q4-amer-best_in_class_email_guide;;;1/12/2023 12:00 AM;AMER Emerging Ent - East - 2;High;Low;0;0;paid-content-syndication
fy22-amer-email_marketing_platform;undefined;platform_for_email_marketing|email service provider|e|g|c||542343389186;12/20/2022 12:00 AM;SMB AMER - West;High;;1;1;paid-search
fy22-amer-email_marketing_platform;undefined;platform_for_email_marketing|email service provider|e|g|c||542343389186;11/7/2022 12:00 AM;;Medium;Low;1;1;paid-search
fy22-amer-marketing_automation;mt_marketing_automation_ad_copy_fy22;|marketing automation|p|g|c||511889409827;11/9/2022 12:00 AM;SMB AMER - East;Medium;;1;1;paid-search
fy22-amer-email_marketing_platform;undefined;email_marketing_services|email marketing services|p|g|c||516472499212;1/16/2023 12:00 AM;SMB AMER - East;High;;1;1;paid-search
fy22-amer-brand_l_brand;mt_brand_ad_copy_fy22;braze_push_notifications|braze push notifications|e|g|c||587080375384;12/8/2022 12:00 AM;SMB AMER - West;High;High;0;0;paid-search
fy22-amer-email_marketing;undefined;email_marketing|email marketing|p|g|c||542343389210;11/2/2022 12:00 AM;SMB AMER - West;Medium;Low;0;1;paid-search
fy22-amer-brand_l_brand;mt_brand_ad_copy_fy22;braze_em_kw|braze|e|g|c||502608598011;11/7/2022 12:00 AM;SMB AMER - Central;Medium;;1;1;paid-search
fy23-q4-amer-modern_customer_retention_guide;;;12/12/2022 12:00 AM;AMER Emerging Ent - West - 2;High;Low;0;0;paid-content-syndication
fy23-q4-amer-bau_groups;retention_guide;undefined;1/30/2023 12:00 AM;AMER Emerging Ent - West - 1;Medium;Low;0;0;paid-social
fy24-q4-amer-email_big;;;12/13/2022 12:00 AM;AMER Scale - Central;Medium;Low;0;0;paid-content-syndication
fy22-amer-email_marketing_platform;;email_marketing_services|email marketing services|p|g|c||516472499212#Cj0KCQiA1NebBhDDARIsAANiDD1VXA6akJu0_XWONayCHqCQbyW2qSDjJbG7SgzBgV3gnxIU9kZZgFwaAuyhEALw_wcB;11/17/2022 1:07 PM;;High;;1;1;paid-search
fy23-q-amer-retail_customer_engagement_review;;;11/9/2022 12:00 AM;AMER Emerging Ent - West - 1;High;Medium;0;0;paid-content-syndication
fy23-q4-amer-bau_ccmskill;customer_engagement_ebook;undefined;1/13/2023 12:00 AM;SMB AMER - West;Medium;;0;0;paid-social
fy23-q4-amer-retention_campaign;undefined;undefined;12/30/2022 12:00 AM;SMB AMER - Central;High;Low;0;0;paid-display-ads
fy23-q2-amer-mobile_marketing_guide;;;12/10/2022 12:00 AM;AMER Emerging Ent - West - 1;High;Low;0;0;paid-content-syndication
fy23-q3-amer-bau_engint;customer_engagement_ebook;undefined;11/2/2022 12:00 AM;;High;Low;1;1;paid-social
fy23-q4-amer-best_in_class_email_guide;;;1/4/2023 12:00 AM;AMER Enterprise - West;High;Low;0;0;paid-content-syndication
fy23-q4-amer-retail_inspiration_guide;;;1/25/2023 12:00 AM;AMER Enterprise - Strat;High;Low;0;0;paid-content-syndication
fy22-amer-brand_l_brand;mt_brand_ad_copy_fy22;braze_em_kw|braze|e|g|c||587080375402#EAIaIQobChMItrzTg4es_AIVlhbUAR3sxQEAEAAYASAAEgKTZPD_BwE;1/3/2023 2:12 PM;AMER Emerging Ent - West - 1;High;Low;0;1;paid-search
fy23-q4-amer-customer_engagement_review_qsr;;;1/25/2023 12:00 AM;AMER Emerging Ent - West - 1;High;Low;0;1;paid-content-syndication
fy23-q4-amer-customer_engagement_review_canada;;;1/26/2023 12:00 AM;AMER Emerging Ent - West - 2;Medium;Low;0;0;paid-content-syndication
fy23-q4-amer-customer_engagement_review_canada;;;12/15/2022 12:00 AM;AMER Emerging Ent - West - 2;High;;0;0;paid-content-syndication
fy22-amer-marketing_channels;undefined;drip_email|drip email|p|g|c||516472499983;11/16/2022 12:00 AM;;Medium;Low;1;1;paid-search
fy22-amer-email_marketing_platform;;software_for_email_marketing|platform for email marketing|p|g|m||542343389198#CjwKCAiAjs2bBhACEiwALTBWZW2WgVJyuNrWVhJ1gpSTwMOhY-TQS6bEL3VIOSSiAPTMkNkyxft-LhoC8tsQAvD_BwE;11/15/2022 2:06 PM;;Low;;1;1;paid-search
fy22-amer-email_marketing;undefined;email_marketing|email marketing|p|g|m||542343389210;1/24/2023 12:00 AM;;High;;1;1;paid-search
fy23-q2-amer-mobile_marketing_guide;customer_engagement_review;;12/1/2022 12:00 AM;AMER Emerging Ent - West - 1;High;Low;0;0;paid-content-syndication
fy22-amer-marketing_automation;mt_marketing_automation_ad_copy_fy22;|marketing automation|p|g|c||511889409827;1/25/2023 12:00 AM;;Medium;;1;1;paid-search
fy24-q4-amer-2023_consumer_research_report;;;12/9/2022 12:00 AM;AMER Scale - East - 1;Medium;Low;0;0;paid-content-syndication
fy23-q4-amer-bau_ccmskill;retention_guide;undefined;1/4/2023 12:00 AM;SMB AMER - East;Medium;;0;0;paid-social
fy23-q4-amer-best_in_class_email_guide;;;1/9/2023 12:00 AM;AMER Enterprise - West;High;Medium;0;0;paid-content-syndication
fy22-q1-amer-customer_engagement_review;customer_engagement_review;customer_engagement_model|customer engagement model|e|g|m||499449654215;1/28/2023 12:00 AM;AMER Enterprise - East;Low;Low;0;0;paid-search
fy23-q-amer-retail_customer_engagement_review;;;11/18/2022 12:00 AM;AMER Enterprise - East;High;Low;0;0;paid-content-syndication
fy22-amer-email_marketing_platform;;email_marketing_tool|email marketing tool|p|g|c||542343389162#Cj0KCQiAg_KbBhDLARIsANx7wAw3eRITEhesm57IbGmjDLWwukfjGe0k63j3HJWduxGJiGXq8NVetVEaAtVyEALw_wcB;11/22/2022 3:02 PM;;Low;;1;1;paid-search
fy22-amer-brand_l_brand;mt_brand_ad_copy_fy22;braze_email_marketing|braze email|e|g|c||502656816637#CjwKCAiAwc-dBhA7EiwAxPRylP-JNytn-aqXRktNZlJrcCDYXRe4Ptp_iGorgTh9oWi0_a7YA7foNBoCycMQAvD_BwE;1/3/2023 3:55 PM;SMB AMER - Central;High;;1;1;paid-search
fy23-q4-amer-enterprise_salesforce;undefined;|pardot|e|g|c||644712757821;1/23/2023 12:00 AM;SMB AMER - Central;Medium;;1;1;paid-search
fy23-q-amer-retail_customer_engagement_review;Braze_EM_KW;braze|e|g|c|1t1|379494875677;12/9/2022 12:00 AM;AMER Enterprise - East;High;Low;0;1;paid-content-syndication
fy22-amer-brand_l_brand;mt_brand_ad_copy_fy22;braze_push_notifications|braze push notifications|e|g|c||502656816856;12/19/2022 12:00 AM;SMB AMER - East;High;;0;1;paid-search
fy23-q-amer-retail_customer_engagement_review;;;11/9/2022 12:00 AM;AMER Enterprise - East;High;Medium;0;0;paid-content-syndication
fy22-amer-brand_l_brand;mt_brand_ad_copy_fy22;braze_pm_kw|braze|p|g|c||502699581794;12/3/2022 12:00 AM;;Medium;;1;1;paid-search
fy23-q4-amer-bau_ccmskill;measurement_guide;undefined;1/22/2023 12:00 AM;AMER Enterprise - Strat;Medium;Low;0;0;paid-social
fy23-q4-amer-retail_inspiration_guide;;;1/3/2023 12:00 AM;AMER Enterprise - Strat;High;Low;0;0;paid-content-syndication
fy23-q-amer-retail_customer_engagement_review;;;11/23/2022 12:00 AM;AMER Emerging Ent - West - 2;High;Low;0;0;paid-content-syndication
fy23-q4-amer-bau_groups;retention_guide;undefined;1/31/2023 12:00 AM;AMER Scale - East - 1;Medium;Low;0;0;paid-social
fy23-q2-amer-shopify_guide;;;11/9/2022 12:00 AM;AMER Emerging Ent - West - 1;Medium;High;0;0;paid-content-syndication
fy23-q3-amer-modern_customer_retention_guide;;;1/5/2023 12:00 AM;AMER Emerging Ent - West - 1;High;Low;0;0;paid-content-syndication
fy23-q4-amer-best_in_class_email_guide;;;1/9/2023 12:00 AM;AMER Emerging Ent - West - 1;High;Medium;0;0;paid-content-syndication
fy24-q3-amer-customer_engagement_review;;;1/12/2023 12:00 AM;AMER Enterprise - Central;High;Low;0;0;paid-content-syndication
fy22-amer-brand_l_brand;mt_brand_ad_copy_fy22;braze_em_kw|braze|e|g|c||587080375402;1/31/2023 12:00 AM;AMER Emerging Ent - West - 1;High;Low;0;0;paid-search
fy23-q4-amer-best_in_class_email_guide;retail_customer_engagement_review;;12/16/2022 12:00 AM;AMER Emerging Ent - West - 1;High;Low;0;0;paid-content-syndication
fy22-amer-email_marketing;undefined;email_marketing|email marketing|p|g|c||542343389210;1/18/2023 12:00 AM;SMB AMER - Central;Medium;;1;1;paid-search
fy22-amer-push_platforms;mt_push_platforms_ad_copy_fy26;|push notifications app|p|g|c||618426193864;1/31/2023 12:00 AM;SMB AMER - Central;High;Low;1;1;paid-search
fy22-q1-amer-customer_engagement_review;customer_engagement_review;customer_engagement_platform|customer engagement platform|p|g|c||499462873394;1/11/2023 12:00 AM;AMER Enterprise - East;Medium;;0;0;paid-search
fy23-q4-amer-customer_engagement_review_canada;;;1/9/2023 12:00 AM;AMER Emerging Ent - West - 1;High;Low;0;0;paid-content-syndication
fy22-amer-brand_l_brand;mt_brand_ad_copy_fy22;braze_em_kw|braze|e|g|c||502608598011#CjwKCAiAoL6eBhA3EiwAXDom5jDxSpWYHxk_M_14ZiFb_G579_gEzWMWOcB_A-wPA7gFd3UpDUIoQRoCcikQAvD_BwE;1/24/2023 4:26 PM;;Medium;;1;1;paid-search
fy23-q4-amer-customer_engagement_review_canada;;;12/28/2022 12:00 AM;AMER Emerging Ent - West - 1;Medium;Low;0;0;paid-content-syndication
fy23-q4-amer-customer_engagement_review_qsr;;;1/12/2023 12:00 AM;AMER Enterprise - Central;High;Low;0;0;paid-content-syndication
fy23-q4-amer-customer_engagement_review_canada;;;12/13/2022 12:00 AM;AMER Enterprise - East;High;Low;0;0;paid-content-syndication
fy22-amer-brand_l_brand;mt_brand_ad_copy_fy22;braze_em_kw|braze|e|g|c||587080375402;12/29/2022 12:00 AM;;High;;1;1;paid-search
fy23-q4-amer-modern_customer_retention_guide;;;1/3/2023 12:00 AM;AMER Emerging Ent - East - 2;High;Low;0;0;paid-content-syndication
fy22-amer-brand_l_brand;mt_brand_ad_copy_fy22;braze_crm|braze crm|p|g|c||587080375348;11/18/2022 12:00 AM;AMER Enterprise - Strat;High;Low;0;1;paid-search
fy22-amer-comp_direct_competitors;mt_bronto_ad_copy_fy22;bronto|onesignal|e|g|c||615917132792#Cj0KCQiAlKmeBhCkARIsAHy7WVtITg64ascpOMcbO74Um7fTCi0QehgeOLFerB8oDSuE71bBJzfHr-gaAoJKEALw_wcB;1/20/2023 11:46 AM;AMER Scale - East - 1;High;;1;1;paid-search
fy22-amer-email_marketing_platform;;email_marketing_services|email marketing services|e|g|c||516472499212#CjwKCAjw5P2aBhAlEiwAAdY7dBTTrYpyI3FFWvXInZN_9UFvHDs9MztLGHML2RZ6Di38jZUKUyitQBoCXTUQAvD_BwE;11/1/2022 1:13 PM;;Low;;1;1;paid-search
fy23-q4-amer-grow_with_braze_sf;;;1/18/2023 12:00 AM;AMER Scale - West - 1;Medium;;0;0;paid-social
fy23-q4-amer-retail_inspiration_guide;;;1/3/2023 12:00 AM;AMER Enterprise - Strat;High;Low;0;0;paid-content-syndication
fy23-q4-amer-modern_customer_retention_guide;;;1/20/2023 12:00 AM;AMER Enterprise - Strat;High;Low;0;0;paid-content-syndication
fy22-amer-email_marketing_platform;undefined;platform_for_email_marketing|email service provider|p|g|m||542343389186;1/16/2023 12:00 AM;AMER Scale - Central;High;;0;1;paid-search
fy22-amer-brand_l_brand;mt_brand_ad_copy_fy22;braze_em_kw|braze|e|g|c||587080375402;1/9/2023 12:00 AM;AMER Emerging Ent - East - 2;Medium;;0;1;paid-search
fy22-amer-brand_l_brand;mt_brand_ad_copy_fy22;braze_em_kw|braze|e|g|c||587080375402;1/12/2023 12:00 AM;;High;;1;1;paid-search
fy22-amer-email_marketing_platform;undefined;software_for_email_marketing|software for email marketing|p|g|c||542343389030;12/5/2022 12:00 AM;;Low;;1;1;paid-search
fy22-amer-brand_l_brand;mt_brand_ad_copy_fy22;braze_em_kw|braze|e|g|c||587080375402;1/11/2023 12:00 AM;;Low;;1;1;paid-search
fy23-q1-amer-closed_lost_campaign;customer_engagement_review;;1/26/2023 12:00 AM;AMER Emerging Ent - West - 1;High;Low;0;0;paid-content-syndication
fy24-q4-amer-email_big;travel_industry_report;;12/13/2022 12:00 AM;AMER Enterprise - West;High;Low;0;0;paid-content-syndication
fy22-amer-brand_l_brand;mt_brand_ad_copy_fy22;braze_em_kw|braze|e|g|c||587080375402;11/14/2022 12:00 AM;AMER Emerging Ent - East - 2;Medium;;1;1;paid-search
fy24-q1-amer-retail_inspiration_guide;;;12/9/2022 12:00 AM;AMER Enterprise - Central;High;Low;0;0;paid-content-syndication
fy22-amer-email_marketing_platform;;automated_email_marketing_platform|automated email marketing platform|p|g|c||516472499032#Cj0KCQjw--2aBhD5ARIsALiRlwA3_3NLms7Ycigz8AWkI8E_2dz5z5ZM8qQ3S4q1puLt0bDRUDvKOjIaAvA0EALw_wcB;11/16/2022 11:43 AM;;High;;1;1;paid-search
fy22-amer-email_marketing_platform;;email_marketing_platforms|email marketing platforms|p|g|c||516472499200#EAIaIQobChMI96HLzPvE-wIVbm1vBB1FNAw3EAAYAiAAEgL3v_D_BwE;11/23/2022 2:11 PM;;Low;;1;1;paid-search
fy22-amer-comp_direct_competitors;mt_competitor_ad_copy_fy22;clevertap_alternative|clevertap alternative|e|g|c||572979185458;1/25/2023 12:00 AM;SMB AMER - East;High;Low;0;1;paid-search
fy22-amer-brand_l_brand;mt_brand_ad_copy_fy22;braze_integrations|braze integrations|e|g|c||587080375642#Cj0KCQiAsdKbBhDHARIsANJ6-jeFcxKiniGkgpf-_KFBUsTWZ_VKVszicvV-vZFJE8ybjCZZCi1RqDUaAmVfEALw_wcB;11/16/2022 5:34 PM;;Low;;1;1;paid-search
fy22-amer-brand_l_brand;mt_brand_ad_copy_fy22;braze_email_marketing|braze email|e|g|c||502656816637;1/27/2023 12:00 AM;SMB AMER - AM;Medium;Low;1;1;paid-search
fy22-amer-email_marketing_platform;undefined;software_for_email_marketing|software for email marketing|e|g|c||542343389030;1/26/2023 12:00 AM;;High;Low;1;1;paid-search
Acq_M_Engagement-Lifecycle_NA*2019-CustEng-eBook;undefined;customer-lifecycle_pm|customer lifecycle stages|p|g|c||379480664574;12/10/2022 12:00 AM;AMER Emerging Ent - East - 2;High;Low;0;0;paid-search
fy23-q4-amer-remarketing_allsite;inspiration_guide;undefined;12/13/2022 12:00 AM;AMER Emerging Ent - West - 1;High;;0;0;paid-social
fy23-q4-amer-power_of_personalization;;;1/3/2023 12:00 AM;AMER Enterprise - East;High;Low;0;0;paid-content-syndication
fy22-amer-comp_direct_competitors_iterable;undefined;|iterable pricing|p|g|c||525035463787;12/6/2022 12:00 AM;SMB AMER - Central;Medium;Low;1;1;paid-search
fy22-amer-brand_l_brand;mt_brand_ad_copy_fy22;braze_em_kw|braze|e|g|c||502608598011;12/14/2022 12:00 AM;SMB AMER - East;High;Low;0;1;paid-search
fy23-q4-amer-modern_customer_retention_guide_nyny;;;1/19/2023 12:00 AM;AMER Emerging Ent - West - 2;High;Low;0;0;paid-content-syndication
fy22-amer-push_and_messaging;mt_push_and_messaging_ad_copy_fy22;|push notifications marketing|p|g|c||511889410301;1/26/2023 12:00 AM;;Medium;;1;1;paid-search
fy23-q4-amer-modern_customer_retention_guide;;;1/9/2023 12:00 AM;AMER Emerging Ent - West - 1;High;Low;0;0;paid-content-syndication
fy22-amer-email_marketing_platform;;email_marketing_softwares|email marketing softwares|e|g|c||516472499227#Cj0KCQiA99ybBhD9ARIsALvZavXGiVJhza7L7tNjzzrXyj0TK-xfEEjYySc6r7df_FwN1mjLRTjWfPgaAobHEALw_wcB;11/18/2022 3:31 PM;;Low;;1;1;paid-search
fy22-amer-email_marketing_platform;;email_marketing_tool|email marketing tool|p|g|c||542343389162#Cj0KCQiA-oqdBhDfARIsAO0TrGFSgCSjUK1sokSOsb6xK0uQBlQ7M_qQtF_7WSykBKURT7aBD_Wl1KYaAqcoEALw_wcB;12/21/2022 9:55 AM;;High;;1;1;paid-search
fy22-amer-brand_l_brand;mt_brand_ad_copy_fy22;braze-pricing_em|braze pricing|e|g|c||502656816223#Cj0KCQiAiJSeBhCCARIsAHnAzT8lUsl3ZXDZZIzhavzi4y0x_Ux9d8KzlVK11NGbcwxE4Q77NK1YMnYaAhp7EALw_wcB;1/16/2023 12:00 AM;SMB AMER - East;High;;0;0;paid-search
fy23-q4-amer-best_in_class_email_guide;;;1/4/2023 12:00 AM;AMER Emerging Ent - East - 2;High;Low;0;0;paid-content-syndication
fy22-amer-email_marketing_platform;undefined;software_for_email_marketing|software for email marketing|p|g|c||542343389030;11/21/2022 12:00 AM;;Medium;;1;1;paid-search
fy22-amer-email_marketing_platform;;email_marketing_softwares|email marketing softwares|p|g|m||516472499227#EAIaIQobChMI0KGNtNLG-wIVi7fICh0jNAtyEAAYASAAEgK-YPD_BwE;11/24/2022 6:04 AM;;Medium;;1;1;paid-search
fy22-amer-marketing_automation;mt_marketing_automation_ad_copy_fy22;|marketing automation|p|g|c||511889409827;1/9/2023 12:00 AM;SMB AMER - East;Medium;;1;1;paid-search
fy22-amer-brand_l_brand;mt_brand_ad_copy_fy22;braze_em_kw|braze|e|g|c||587080375402;12/5/2022 12:00 AM;AMER Enterprise - West;Medium;Low;0;1;paid-search
fy22-amer-brand_l_brand;mt_brand_ad_copy_fy22;braze_em_kw|braze|e|g|c||587080375402;1/9/2023 12:00 AM;SMB AMER - Central;Medium;;0;1;paid-search
fy23-q3-amer-modern_customer_retention_guide;;;11/15/2022 12:00 AM;AMER Emerging Ent - West - 1;High;Medium;0;0;paid-content-syndication
fy22-amer-push_platforms;mt_push_platforms_ad_copy_fy26;|push notifications app|p|g|c||618426193864;12/14/2022 12:00 AM;AMER Emerging Ent - East - 2;High;;0;0;paid-search
fy23-q4-amer-customer_engagement_review_qsr;email_marketing_guide;;12/14/2022 12:00 AM;AMER Emerging Ent - West - 2;High;Low;0;0;paid-content-syndication
fy22-amer-email_marketing_platform;undefined;email_marketing_services|email marketing services|p|g|m||542343632588;11/21/2022 12:00 AM;;Medium;;1;1;paid-search
fy23-q4-amer-best_in_class_email_guide;;;12/21/2022 12:00 AM;AMER Enterprise - Central;High;Low;0;0;paid-content-syndication
fy22-amer-marketing_automation;mt_marketing_automation_ad_copy_fy22;|marketing automation|p|g|c||511889409830#CjwKCAiAyfybBhBKEiwAgtB7fkXQCvo8YYxRYCigll58RSsUKsJ2hmuapdzcYtNmpVfl-d1Qmlr4IRoC1bIQAvD_BwE;11/24/2022 4:20 PM;;Medium;;1;1;paid-search
fy23-q3-amer-modern_customer_retention_guide;;;11/18/2022 12:00 AM;AMER Emerging Ent - East - 2;High;Low;0;0;paid-content-syndication
fy23-q4-amer-power_of_personalization;;;12/16/2022 12:00 AM;AMER Emerging Ent - West - 1;High;;0;0;paid-content-syndication
fy23-q4-amer-best_in_class_email_guide;;;12/16/2022 12:00 AM;AMER Emerging Ent - East - 2;High;Low;0;0;paid-content-syndication
fy22-amer-email_marketing_platform;;email_marketing_tool|email marketing tool|p|g|c||542343389162#EAIaIQobChMIs5Gmgu30-wIVP8qUCR1xwwENEAAYASAAEgK7OvD_BwE;12/12/2022 2:56 PM;;Medium;;1;1;paid-search
fy24-q3-amer-ai_guide_next_gen_automation;;;11/18/2022 12:00 AM;AMER Emerging Ent - West - 2;High;Low;0;0;paid-content-syndication
fy22-amer-email_marketing_platform;undefined;email_marketing_platforms|email marketing platforms|p|g|c||516472499203;12/21/2022 12:00 AM;;Medium;;1;1;paid-search
fy22-amer-brand_l_brand;mt_brand_ad_copy_fy22;braze_em_kw|braze|e|g|c||502608598011;12/23/2022 12:00 AM;SMB AMER - AM;High;Low;1;1;paid-search
fy22-amer-push_platforms;mt_push_platforms_ad_copy_fy22;|push notification platform|p|g|c||511889410496;12/7/2022 12:00 AM;SMB AMER - East;Medium;Low;1;1;paid-search
fy24-q3-amer-post_holiday_campaigns_guide;;;1/9/2023 12:00 AM;AMER Enterprise - Central;Low;Low;0;0;paid-content-syndication
fy23-q4-amer-best_in_class_email_guide;;;1/20/2023 12:00 AM;AMER Emerging Ent - West - 1;Medium;Low;0;0;paid-content-syndication
fy23-q4-amer-bau_groups;retention_guide;undefined;1/28/2023 12:00 AM;AMER Scale - West - 1;Medium;Low;0;0;paid-social
fy22-amer-email_marketing_platform;undefined;automated_email_marketing_platform|automated email marketing platform|e|g|c||516472499032;12/1/2022 12:00 AM;AMER Scale - West - 1;High;;1;1;paid-search
fy22-amer-brand_l_brand;mt_brand_ad_copy_fy22;braze_em_kw|braze|e|g|c||587080375402;1/11/2023 12:00 AM;AMER Emerging Ent - West - 2;Medium;;0;1;paid-search
fy23-q4-amer-modern_customer_retention_guide;;;1/4/2023 12:00 AM;AMER Emerging Ent - West - 1;High;Low;0;0;paid-content-syndication
fy22-q1-amer-customer_engagement_review;customer_engagement_review;;1/12/2023 12:00 AM;AMER Enterprise - East;High;Low;0;0;paid-content-syndication
fy23-q2-amer-shopify_guide;;;12/6/2022 12:00 AM;AMER Emerging Ent - West - 2;High;Low;0;0;paid-content-syndication
fy23-q3-amer-modern_customer_retention_guide;;;11/9/2022 12:00 AM;AMER Emerging Ent - East - 2;Low;Medium;0;0;paid-content-syndication
fy22-amer-brand_l_brand;mt_brand_ad_copy_fy22;braze_em_kw|braze|e|g|c||502608598011;11/23/2022 12:00 AM;AMER Scale - East - 1;Medium;Low;0;1;paid-search
fy23-q4-amer-power_of_personalization;;;1/6/2023 12:00 AM;AMER Emerging Ent - West - 1;High;Medium;0;0;paid-content-syndication
fy24-q1-amer-mobile_messaging_big;;;1/23/2023 12:00 AM;AMER Scale - Central;High;Low;0;0;paid-content-syndication
fy23-q4-amer-remarketing_allsite;inspiration_guide;undefined;1/9/2023 12:00 AM;AMER Emerging Ent - West - 1;Medium;;0;0;paid-social
fy22-amer-email_marketing;undefined;email_automation|email automation|e|g|c||542343389258;1/11/2023 12:00 AM;;High;Low;1;1;paid-search
fy23-q4-amer-remarketing_allsite;inspiration_guide;undefined;12/16/2022 12:00 AM;AMER Emerging Ent - East - 2;High;;0;0;paid-social
fy22-amer-email_marketing_platform;undefined;email_marketing_tool|email marketing tool|p|g|c||542343389162;11/2/2022 12:00 AM;;High;Low;1;1;paid-search
fy22-amer-acq_e_retention-marketing;mt_retention_ad_copy_fy22;user-retention_em|user retention strategies|e|g|c||572731153873;1/5/2023 12:00 AM;AMER Enterprise - Central;Low;;0;0;paid-search
fy22-amer-email_marketing_platform;undefined;email_marketing_services|email marketing services|p|g|c||516472499212;11/28/2022 12:00 AM;SMB AMER - West;Low;Low;1;1;paid-search
fy22-amer-push_and_messaging;mt_push_and_messaging_ad_copy_fy22;|in app notifications|e|g|c||511889410070;12/16/2022 12:00 AM;;High;Low;1;1;paid-search
fy22-amer-push_and_messaging;mt_push_and_messaging_ad_copy_fy22;|in app notifications|p|g|c||624590675250;1/4/2023 12:00 AM;SMB AMER - East;Medium;Low;1;1;paid-search
fy22-amer-brand_l_brand;mt_brand_ad_copy_fy22;braze_em_kw|braze|e|g|c||502608598011;12/7/2022 12:00 AM;;High;;1;1;paid-search
fy22-amer-email_marketing_platform;undefined;email_marketing_agency|email marketing agency|e|g|c||587080375810;1/25/2023 12:00 AM;;High;Low;1;1;paid-search
fy22-amer-push_and_messaging;mt_push_and_messaging_ad_copy_fy22;|web push|p|g|c||511889410307;1/15/2023 12:00 AM;;Low;;1;1;paid-search
fy23-q4-amer-bau_ccmskill;retention_guide;undefined;1/12/2023 12:00 AM;GSA AMER - West;Medium;;0;0;paid-social
fy23-q4-amer-remarketing_allsite;inspiration_guide;undefined;1/28/2023 12:00 AM;AMER Scale - West - 1;High;Low;0;0;paid-social
fy22-amer-email_marketing_platform;;email_marketing_platforms|email marketing platforms|p|g|c||516472499200#EAIaIQobChMIgPeH9aOV-wIVyAtMCh0nSwTSEAAYASAAEgIEI_D_BwE;11/4/2022 12:00 AM;AMER Enterprise - East;Medium;;0;1;paid-search
fy23-q3-amer-modern_customer_retention_guide;;;11/9/2022 12:00 AM;AMER Emerging Ent - West - 1;High;Medium;0;0;paid-content-syndication
fy23-q4-amer-customer_engagement_review_qsr;;;1/4/2023 12:00 AM;AMER Emerging Ent - East - 2;High;Low;0;0;paid-content-syndication
fy22-amer-email_marketing_platform;;platform_for_email_marketing|email service provider|p|g|m||542343389189#CjwKCAiA2L-dBhACEiwAu8Q9YEDmMnrUWvn9Qm61MGCWs9rCnZwTSWKE7pLU8Q1YA6ijg7xzqYa7OhoCTDQQAvD_BwE;12/31/2022 1:38 PM;;Medium;;1;1;paid-search
fy22-amer-email_marketing_platform;undefined;email_marketing_platforms|email marketing platforms|p|g|c||516472499200;11/4/2022 12:00 AM;;High;;1;1;paid-search
fy22-amer-email_marketing_platform;;email_marketing_softwares|email marketing softwares|p|g|c||516472499227;11/7/2022 10:36 AM;;Low;;1;1;paid-search
fy23-q-amer-retail_customer_engagement_review;;;12/13/2022 12:00 AM;AMER Scale - Central;High;;0;0;paid-content-syndication
fy22-amer-brand_l_brand;mt_brand_ad_copy_fy22;braze_em_kw|braze|e|g|c||587080375402;1/19/2023 12:00 AM;SMB AMER - West;High;;0;1;paid-search
fy23-q4-amer-bau_retint;retention_guide;undefined;1/6/2023 12:00 AM;AMER Scale - Central;High;Low;0;0;paid-social
fy22-amer-email_marketing_platform;undefined;email_marketing_tool|email marketing tool|p|g|m||542343389162;1/20/2023 12:00 AM;;Medium;Low;1;1;paid-search
fy22-amer-email_marketing;undefined;email_marketing|email marketing|e|g|c||542343389210;11/27/2022 12:00 AM;;High;;1;1;paid-search
fy22-amer-brand_l_brand;mt_brand_ad_copy_fy22;braze-pricing_em|braze pricing|e|g|c||502656816223;11/10/2022 12:00 AM;SMB AMER - East;Medium;;1;1;paid-search
fy22-amer-email_marketing;undefined;email_marketing|email marketing|p|g|c||542343389210;1/22/2023 12:00 AM;SMB AMER - East;High;;1;1;paid-search
fy22-amer-brand_l_brand;mt_brand_ad_copy_fy22;braze_em_kw|braze|e|g|c||502656816175;1/20/2023 12:00 AM;SMB AMER - Central;Medium;;1;1;paid-search
fy22-amer-email_marketing;undefined;email_marketing|email marketing|p|g|c||542343389210;11/3/2022 12:00 AM;AMER Enterprise - Strat;High;;0;1;paid-search
Acq_M_Engagement-Lifecycle_NA*2019-CustEng-eBook;undefined;lifecycle-marketing_pm|lifecycle marketing model|p|g|c||379480664589;12/13/2022 12:00 AM;AMER Emerging Ent - West - 1;Medium;;0;0;paid-search
fy22-amer-email_marketing_platform;undefined;software_for_email_marketing|software for email marketing|p|g|c||542343389030;11/20/2022 12:00 AM;;High;;1;1;paid-search
fy22-amer-brand_l_brand;mt_brand_ad_copy_fy22;braze_em_kw|braze|e|g|c||502608598011#Cj0KCQiA37KbBhDgARIsAIzce14mkVMAk03ycHkDirXxmPy4G9BE-en3lGAnCFqTzR0GdGCenka98r0aAgtiEALw_wcB;11/10/2022 3:35 PM;AMER Scale - Central;Medium;Low;0;1;paid-search
fy22-amer-email_marketing_platform;undefined;email_marketing_tool|email marketing tool|p|g|c||542343389162;1/12/2023 12:00 AM;;Low;Low;1;1;paid-search
fy23-q3-amer-modern_customer_retention_guide;;;1/5/2023 12:00 AM;AMER Emerging Ent - West - 2;High;Medium;0;0;paid-content-syndication
fy22-amer-email_marketing_platform;undefined;platform_for_email_marketing|email service provider|p|g|c||542343389186;1/25/2023 12:00 AM;;Low;Low;1;1;paid-search
fy22-amer-brand_l_brand;mt_brand_ad_copy_fy22;braze-pricing_em|braze pricing|e|g|c||502656816223;1/8/2023 12:00 AM;AMER Emerging Ent - East - 2;Medium;;0;0;paid-search
fy22-amer-brand_l_brand;mt_brand_ad_copy_fy22;braze_em_kw|braze|e|g|c||502608598011;11/18/2022 12:00 AM;SMB AMER - West;Medium;Low;1;1;paid-search
fy22-amer-push_platforms;mt_push_platforms_ad_copy_fy22;|push notification platform|p|g|c||511889410490;11/11/2022 12:00 AM;AMER Emerging Ent - West - 1;Medium;;0;1;paid-search
fy22-amer-brand_l_brand;mt_brand_ad_copy_fy22;braze-pricing_em|braze pricing|e|g|c||502699581806#Cj0KCQjwqoibBhDUARIsAH2OpWjOyWuqWQsMDAY-jlokZusgt5Vz08Oy7waR4LPV4RJ3ioymaL6WdNYaApApEALw_wcB;11/2/2022 5:41 PM;AMER Scale - West - 1;Low;;0;1;paid-search
fy22-amer-brand_l_brand;undefined;Braze-Channels_PM|braze sms|p|g|c||630541626237;12/17/2022 12:00 AM;;Medium;;1;1;paid-search
fy23-q4-amer-best_in_class_email_guide;;;1/9/2023 12:00 AM;AMER Emerging Ent - East - 2;High;Low;0;0;paid-content-syndication
fy23-q3-amer-best_in_class_email_guide;;;11/2/2022 12:00 AM;AMER Enterprise - Central;High;Low;0;0;paid-content-syndication
fy23-q-amer-retail_customer_engagement_review;;;11/9/2022 12:00 AM;AMER Emerging Ent - West - 2;High;Low;0;0;paid-content-syndication
fy23-q4-amer-enterprise_adobe;;|adobe and marketo|e|g|c||638446397224#Cj0KCQiA5NSdBhDfARIsALzs2EAyVdxrqtgz9wxDWBg9RqRsoFLCALKS4X5RDR5PrJPpBQmnBU0-Wb8aAiSBEALw_wcB;1/4/2023 1:41 PM;AMER Emerging Ent - West - 2;Medium;Low;1;1;paid-search
fy22-amer-email_marketing_platform;;email_marketing_platforms|email marketing platforms|p|g|c||516472499200#CjwKCAiAv9ucBhBXEiwA6N8nYP94rRlEpD5Zlh0mEaewKJrYz2qElDEJ3cn3a9AxZR-iDOlwVPn44xoCi2cQAvD_BwE;12/12/2022 12:00 AM;;Medium;Low;1;1;paid-search
fy23-q3-amer-modern_customer_retention_guide;;;11/18/2022 12:00 AM;AMER Emerging Ent - West - 1;High;Low;0;0;paid-content-syndication
fy23-q4-amer-remarketing_allsite;inspiration_guide;undefined;12/8/2022 12:00 AM;AMER Scale - Central;High;;0;0;paid-social
fy22-amer-email_marketing_platform;undefined;automated_email_marketing_platform|automated email marketing platform|e|g|c||516472499032;11/7/2022 12:00 AM;;Medium;;1;1;paid-search
fy23-q4-amer-best_in_class_email_guide;;;1/4/2023 12:00 AM;AMER Emerging Ent - East - 2;High;Low;0;0;paid-content-syndication
fy23-q2-amer-shopify_guide;;;11/9/2022 12:00 AM;AMER Emerging Ent - West - 1;Medium;High;0;0;paid-content-syndication
fy22-amer-email_marketing;undefined;email_marketing|email marketing|p|g|c||542343389210;12/5/2022 12:00 AM;;Medium;;1;1;paid-search
fy22-q1-amer-customer_engagement_review;customer_engagement_review;customer_engagement_strategy|customer engagement strategy|e|g|m||499449654362;1/15/2023 12:00 AM;AMER Enterprise - East;Medium;;0;0;paid-search
fy23-q3-amer-modern_customer_retention_guide;;;11/15/2022 12:00 AM;AMER Emerging Ent - West - 1;High;Low;0;0;paid-content-syndication
fy23-q3-amer-modern_customer_retention_guide;;;11/18/2022 12:00 AM;AMER Emerging Ent - West - 1;High;Low;0;0;paid-content-syndication
fy22-amer-brand_l_brand;mt_brand_ad_copy_fy22;braze_em_kw|braze|e|g|c||502608598011;1/24/2023 12:00 AM;SMB AMER - Central;High;;0;0;paid-search
fy22-amer-push_and_messaging;mt_push_and_messaging_ad_copy_fy22;|in app messaging|e|g|c||511889410061;12/2/2022 12:00 AM;;Medium;;1;1;paid-search
fy22-amer-push_platforms;mt_push_platforms_ad_copy_fy22;|push notification platform|p|g|c||511889410496#CjwKCAiAzp6eBhByEiwA_gGq5Izv3QT09R7o_n7wtrXiDtbtknJ0PSsJ_BtNRicKmK7NJwsO2BqFJxoCYFIQAvD_BwE;1/20/2023 12:00 AM;SMB AMER - Central;High;;0;1;paid-search
fy23-q4-amer-retail_inspiration_guide;;;1/19/2023 12:00 AM;AMER Enterprise - East;High;Low;0;0;paid-content-syndication
fy22-amer-brand_l_brand;mt_brand_ad_copy_fy22;braze_em_kw|braze|e|g|c||502608598011;11/15/2022 12:00 AM;GSA AMER - West;Medium;;0;1;paid-search
fy23-q4-amer-best_in_class_email_guide;;;1/4/2023 12:00 AM;AMER Emerging Ent - East - 2;High;Low;0;0;paid-content-syndication
fy23-q3-amer-best_in_class_email_guide;;;12/13/2022 12:00 AM;AMER Scale - East - 1;High;;0;1;paid-content-syndication
fy23-q3-amer-modern_customer_retention_guide;;;12/11/2022 12:00 AM;AMER Scale - Central;High;Low;0;0;paid-content-syndication
fy23-q-amer-retail_customer_engagement_review;;;11/9/2022 12:00 AM;AMER Enterprise - Central;High;Medium;0;0;paid-content-syndication
fy22-amer-brand_l_brand;mt_brand_ad_copy_fy22;braze_push_notifications|braze push notifications|e|g|c||587080375384;1/11/2023 12:00 AM;SMB AMER - West;Medium;;0;1;paid-search
fy22-amer-email_marketing_platform;undefined;software_for_email_marketing|software for email marketing|e|g|c||542343389030;12/1/2022 12:00 AM;SMB AMER - Central;Medium;;0;1;paid-search
fy22-amer-email_marketing_platform;undefined;email_marketing_agency|email marketing agency|e|g|c||587080375810;11/2/2022 12:00 AM;AMER Emerging Ent - West - 1;Medium;;0;1;paid-search
fy23-q4-amer-power_of_personalization;;;12/9/2022 12:00 AM;AMER Emerging Ent - West - 1;High;Low;0;0;paid-content-syndication
fy23-q3-amer-best_in_class_email_guide;;;11/18/2022 12:00 AM;AMER Enterprise - West;High;Medium;0;0;paid-content-syndication
fy23-q3-amer-modern_customer_retention_guide;;;11/9/2022 12:00 AM;AMER Scale - Central;High;Medium;0;0;paid-content-syndication
fy22-amer-brand_l_brand;mt_brand_ad_copy_fy22;braze_em_kw|braze|e|g|c||587080375402;1/24/2023 12:00 AM;AMER Enterprise - West;High;;0;1;paid-search
fy23-q4-amer-best_in_class_email_guide;;;12/16/2022 12:00 AM;AMER Enterprise - Central;High;Low;0;0;paid-content-syndication
fy22-amer-push_platforms;mt_push_platforms_ad_copy_fy26;|push notifications app|p|g|c||618426193864;12/8/2022 12:00 AM;GSA AMER - West;Medium;Low;0;0;paid-search
fy22-amer-brand_l_brand;;Braze-Channels_PM|braze sms|p|g|c||630541626237#Cj0KCQiA_P6dBhD1ARIsAAGI7HCWqtp9VMWd9SwENTKvkts8ugXVddV3xnSppd7UI4WmbKZKBKZeoXoaAjzJEALw_wcB;1/12/2023 3:18 PM;SMB AMER - East;Medium;Low;1;1;paid-search
fy22-amer-acq_e_retention-marketing;mt_retention_ad_copy_fy22;customer-retention_pm|customer retention strategies|p|g|m||572731153891;12/16/2022 12:00 AM;AMER Emerging Ent - East - 2;High;;0;0;paid-search
fy23-q4-amer-best_in_class_email_guide;;;1/25/2023 12:00 AM;AMER Scale - West - 1;High;Medium;0;0;paid-content-syndication
fy22-amer-marketing_channels;undefined;in_app_marketing_strategies|in app marketing strategies|e|g|c||645333388985;1/25/2023 12:00 AM;AMER Emerging Ent - West - 1;High;;0;1;paid-search
fy22-amer-email_marketing_platform;undefined;platform_for_email_marketing|email service provider|p|g|c||542343389186;11/13/2022 12:00 AM;SMB AMER - Central;Medium;;1;1;paid-search
fy22-amer-email_marketing_platform;undefined;email_marketing_tool|email marketing tool|p|g|c||542343389162;12/19/2022 12:00 AM;;High;Low;1;1;paid-search
fy23-q2-amer-comp_direct_competitors_klaviyo;mt_competitor_ad_copy_fy22;|klaviyo|p|g|c||610788573080#Cj0KCQiAqOucBhDrARIsAPCQL1Yg5w9JEX6vmB-FLBe_wACsfJYuqv4a7SV67RnvKE3MftcRqEbcCTYaAsbcEALw_wcB;12/15/2022 5:01 PM;;Medium;;1;1;paid-search
fy22-amer-email_marketing_platform;;email_marketing_platforms|email marketing platforms|p|g|m||516472499203#EAIaIQobChMIjdzOq6uL_AIVj6jICh1wnghNEAAYASAAEgKX3PD_BwE;12/21/2022 1:31 PM;;High;;1;1;paid-search
fy22-amer-email_marketing_platform;undefined;email_marketing_services|email marketing services|p|g|c||516472499212;12/5/2022 12:00 AM;SMB AMER - West;High;;1;1;paid-search
fy22-amer-brand_l_brand;mt_brand_ad_copy_fy22;braze_em_kw|braze|e|g|c||587080375402#CjwKCAiA76-dBhByEiwAA0_s9SlNXujmR2HsIq0KMxZrGcJVevi-N0gnkkZHaU0eVY4MuG1e23KkBBoCsvoQAvD_BwE;12/28/2022 3:53 PM;;High;;1;1;paid-search
fy23-q4-amer-bau_retint;customer_engagement_ebook;undefined;1/22/2023 12:00 AM;AMER Scale - Central;High;;0;0;paid-social
fy22-amer-email_marketing_platform;;email_marketing_services|email marketing services|p|g|c||516472499212#Cj0KCQiA-JacBhC0ARIsAIxybyMxB5orvn2MJqfrl8czTm9S81iuOmnO4bonqECc8DBcbxU65L0lVIEaAuwYEALw_wcB;11/29/2022 5:12 PM;;High;Low;1;1;paid-search
fy22-amer-acq_e_retention-marketing;mt_retention_ad_copy_fy22;customer-retention_pm|customer retention program|p|g|c||572731153891;12/14/2022 12:00 AM;SMB AMER - West;Medium;;0;0;paid-search
fy22-amer-push_and_messaging;mt_push_and_messaging_ad_copy_fy22;|web push|e|g|c||624590675262#CjwKCAiAoL6eBhA3EiwAXDom5tpoPKZLbV49g3hGg3U8wE1dlO4YweLfzs9FRgNg6SQRYeEukRIWnRoCAlcQAvD_BwE;1/24/2023 12:00 AM;SMB AMER - Central;Medium;;0;0;paid-search
fy23-q-amer-retail_customer_engagement_review;email_marketing_guide;;1/19/2023 12:00 AM;AMER Enterprise - West;High;;0;0;paid-content-syndication
fy23-q4-amer-bau_enterprise;retention_guide;undefined;1/21/2023 12:00 AM;AMER Enterprise - East;Medium;Low;0;0;paid-social
fy22-amer-marketing_channels;undefined;in_app_marketing|in app marketing|p|g|m||516416948280;1/14/2023 12:00 AM;SMB AMER - Central;High;Low;1;1;paid-search
fy22-amer-email_marketing;;email_marketing|email marketing|p|g|c||542343389213#Cj0KCQiAm5ycBhCXARIsAPldzoXeaahHyCc_hZD_oiDEc8fLBSQ0bd6o_a1KdKjlggONybO0EQ9nP4waApf0EALw_wcB;11/30/2022 12:00 AM;SMB AMER - East;Medium;;0;1;paid-search
fy22-amer-brand_l_brand;mt_brand_ad_copy_fy22;braze_em_kw|braze|e|g|c||502608598011;12/16/2022 12:00 AM;SMB AMER - Central;Medium;Low;1;1;paid-search
fy22-amer-email_marketing;undefined;email_marketing|email marketing|p|g|c||542343389210;12/19/2022 12:00 AM;;Medium;Low;1;1;paid-search
fy23-q4-amer-remarketing_allsite;inspiration_guide;undefined;11/30/2022 12:00 AM;AMER Emerging Ent - West - 2;Medium;;0;0;paid-social
fy22-amer-push_and_messaging;mt_push_and_messaging_ad_copy_fy22;|in app notifications|p|g|c||624590675250;1/24/2023 12:00 AM;SMB AMER - East;High;;1;1;paid-search
fy23-q3-amer-modern_customer_retention_guide;;;11/18/2022 12:00 AM;GSA AMER - West;High;Low;0;0;paid-content-syndication
fy23-q-amer-retail_customer_engagement_review;2020-measurement-guide;;1/19/2023 12:00 AM;AMER Enterprise - West;High;Low;0;0;paid-content-syndication
fy22-amer-email_marketing_platform;undefined;email_marketing_tool|email marketing tool|p|g|m||542343389162;1/24/2023 12:00 AM;;Medium;Low;1;1;paid-search
fy23-q-amer-retail_customer_engagement_review;;;12/9/2022 12:00 AM;AMER Emerging Ent - West - 2;High;Low;0;0;paid-content-syndication
fy22-amer-email_marketing;;effective_email_marketing|effective email marketing|e|g|c||542343485756#CjwKCAiAoL6eBhA3EiwAXDom5qkLCSOXdkBHLLU7IMcSVBtI9FdET4JMjw-aHGXkrVugyT7fZcZl0RoCo0sQAvD_BwE;1/24/2023 5:26 PM;SMB AMER - East;Medium;;1;1;paid-search
fy22-amer-comp_direct_competitors;mt_bronto_ad_copy_fy22;bronto|bronto|e|g|c||572979125722;1/16/2023 12:00 AM;;High;;1;1;paid-search
Acq_M_Engagement-Lifecycle_NA*2020-Moments-that-Matter;undefined;moment-marketing_pm|moment marketing|p|g|c||413490080612;1/19/2023 12:00 AM;AMER Scale - East - 1;Medium;;0;0;paid-search
fy22-amer-push_platforms;mt_push_platforms_ad_copy_fy22;|in app messaging platform|p|g|c||618426193867;12/13/2022 12:00 AM;;High;;1;1;paid-search
fy23-q4-amer-bau_retint;customer_engagement_ebook;;11/29/2022 12:00 AM;AMER Emerging Ent - West - 1;High;Low;0;0;paid-social
fy23-q3-amer-bau_retint;inspiration_guide;undefined;11/4/2022 12:00 AM;SMB AMER - East;Medium;;0;0;paid-social
fy23-q2-amer-mobile_marketing_guide;;;11/9/2022 12:00 AM;AMER Emerging Ent - West - 2;High;Low;0;0;paid-content-syndication
fy22-amer-email_marketing_platform;undefined;platform_for_email_marketing|email service provider|p|g|c||542343389186;11/29/2022 12:00 AM;SMB AMER - West;High;;1;1;paid-search
fy22-amer-marketing_automation;mt_marketing_automation_ad_copy_fy22;|marketing automation|p|g|c||511889409827;12/28/2022 12:00 AM;AMER Emerging Ent - West - 2;High;Low;0;0;paid-search
fy23-q4-amer-bau_ccmskill;retention_guide;undefined;12/2/2022 12:00 AM;AMER Scale - East - 1;High;;0;0;paid-social
fy22-amer-email_marketing_platform;undefined;email_marketing_platforms|email marketing platforms|e|g|c||516472499200;12/28/2022 12:00 AM;;Medium;Low;1;1;paid-search
fy22-amer-email_marketing;;email_marketing|email marketing|e|g|c||542343389210#Cj0KCQiAsdKbBhDHARIsANJ6-jcjzzFYCqxyYPpsKSdQfVU6BxPODfO2_i31H2JNfTUcLi1ey4eT2ZIaAjbpEALw_wcB;11/16/2022 1:15 PM;;High;;1;1;paid-search
fy22-amer-email_marketing_platform;;email_marketing_tool|email marketing tool|p|g|c||542343389162#Cj0KCQiAiJSeBhCCARIsAHnAzT_GFmPC4s0AgMYpIy47UUH8QjF4Lx7wEha0_FHu72XA5blIDt-G_JYaApcSEALw_wcB;1/16/2023 10:35 AM;;Low;;1;1;paid-search
Acq_M_Engagement-Lifecycle_NA*2019-CustEng-eBook;undefined;lifecycle-marketing_pm|lifecycle marketing|p|g|c||379480664589;1/5/2023 12:00 AM;AMER Emerging Ent - West - 1;High;Low;0;0;paid-search
fy22-amer-brand_l_brand;mt_brand_ad_copy_fy22;braze_email_marketing|braze email marketing|e|g|c||502699581983#Cj0KCQiA4uCcBhDdARIsAH5jyUlzu3SV0-NlUfQdzREREzZczbMCpI1g-LfjT-6JsgaPtABzH5PhZvoaAtIQEALw_wcB;12/13/2022 4:54 PM;SMB AMER - Central;High;Low;0;1;paid-search
fy22-amer-email_marketing_platform;;email_marketing_tool|email marketing tool|p|g|c||542343389162#Cj0KCQiA-JacBhC0ARIsAIxybyPVrW0AbSIglXfdERP6NeAzxhcD3H40oJVX9zQvYdnKtdnWDnjitosaAkCQEALw_wcB;11/29/2022 1:11 PM;AMER Enterprise - Strat;Medium;;0;1;paid-search
fy22-amer-comp_direct_competitors;mt_competitor_ad_copy_fy22;mailchimp|mailchimp|p|g|m||572979184300;1/12/2023 12:00 AM;;Medium;High;1;1;paid-search
fy22-amer-brand_l_brand;mt_brand_ad_copy_fy22;braze_em_kw|braze|e|g|c||502608598011;1/19/2023 12:00 AM;SMB AMER - AM;High;Low;0;1;paid-search
fy22-amer-marketing_automation;mt_marketing_automation_ad_copy_fy22;|marketing automation|e|g|c||511889409827#Cj0KCQjwqoibBhDUARIsAH2OpWhXdaGg9_4_7hpDr34tsu_ZjpRd0a-vqnXyxH6nb4vMj4f0041XJOgaAiflEALw_wcB;11/2/2022 4:06 PM;;Low;;1;1;paid-search
fy22-amer-email_marketing_platform;undefined;platform_for_email_marketing|email service provider|p|g|c||542343389186;12/6/2022 12:00 AM;;High;;1;1;paid-search
fy22-amer-brand_l_brand;mt_brand_ad_copy_fy22;braze-pricing_em|braze pricing|e|g|c||502656816223;12/15/2022 12:00 AM;SMB AMER - Central;Medium;;0;1;paid-search
fy22-amer-email_marketing_platform;undefined;platform_for_email_marketing|email service provider|p|g|c||542343389186;12/3/2022 12:00 AM;;Low;Low;1;1;paid-search
fy23-q4-amer-enterprise_salesforce;undefined;|salesforce marketing cloud|e|g|c||638386733013;1/30/2023 12:00 AM;;Medium;Low;1;1;paid-search
fy23-q4-amer-retail_inspiration_guide;;;1/20/2023 12:00 AM;AMER Enterprise - Central;Medium;Low;0;0;paid-content-syndication
fy23-q3-amer-best_in_class_email_guide;;;11/7/2022 12:00 AM;SMB AMER - West;Medium;Low;0;0;paid-content-syndication
fy23-q4-amer-retail_inspiration_guide;;;1/20/2023 12:00 AM;AMER Enterprise - Central;Medium;Low;0;0;paid-content-syndication
fy23-q4-amer-customer_engagement_review_qsr;;;1/19/2023 12:00 AM;AMER Emerging Ent - West - 1;High;Low;0;0;paid-content-syndication
fy23-q4-amer-best_in_class_email_guide;;;12/16/2022 12:00 AM;AMER Emerging Ent - West - 2;High;Low;0;0;paid-content-syndication
fy22-amer-acq_e_retention-marketing;mt_retention_ad_copy_fy22;user-retention_em|user retention strategies|e|g|c||572731153873;11/28/2022 12:00 AM;SMB AMER - Central;High;Low;0;0;paid-search
fy23-q4-amer-best_in_class_email_guide;;;1/5/2023 12:00 AM;AMER Enterprise - East;High;Medium;0;0;paid-content-syndication
fy23-q3-amer-modern_customer_retention_guide;;;11/18/2022 12:00 AM;AMER Emerging Ent - West - 1;High;Low;0;0;paid-content-syndication
fy22-amer-email_marketing_platform;undefined;email_marketing_services|email marketing services|p|g|c||516472499212;11/14/2022 12:00 AM;;High;;1;1;paid-search
fy22-amer-brand_l_brand;mt_brand_ad_copy_fy22;braze_em_kw|braze|e|g|c||502608598011;12/15/2022 12:00 AM;AMER Emerging Ent - West - 1;Medium;;0;1;paid-search
fy22-amer-brand_l_brand;mt_brand_ad_copy_fy22;braze_platform|braze platform|p|g|c||587080375666;12/6/2022 12:00 AM;SMB AMER - Central;Medium;Low;1;1;paid-search
fy23-q4-amer-modern_customer_retention_guide;;;12/12/2022 12:00 AM;AMER Emerging Ent - West - 2;Medium;Low;0;0;paid-content-syndication
fy23-q4-amer-retail_inspiration_guide;;;1/25/2023 12:00 AM;AMER Enterprise - Strat;High;Low;0;0;paid-content-syndication
fy23-q4-amer-remarketing_allsite;inspiration_guide;undefined;12/1/2022 12:00 AM;SMB AMER - West;High;Low;0;0;paid-social
fy22-amer-brand_l_brand;mt_brand_ad_copy_fy22;braze_em_kw|braze|e|g|c||502608598011;1/16/2023 12:00 AM;SMB AMER - East;High;Low;1;1;paid-search
fy23-q3-amer-modern_customer_retention_guide;;;1/4/2023 12:00 AM;AMER Enterprise - West;High;Low;0;0;paid-content-syndication
fy22-amer-brand_l_brand;mt_brand_ad_copy_fy22;braze_em_kw|braze|e|g|c||502608598011;11/8/2022 12:00 AM;SMB AMER - West;High;Low;1;1;paid-search
fy23-q-amer-retail_customer_engagement_review;;;11/9/2022 12:00 AM;AMER Emerging Ent - West - 2;High;Medium;0;0;paid-content-syndication
fy23-q4-amer-bau_enterprise;customer_engagement_ebook;undefined;1/19/2023 12:00 AM;AMER Scale - East - 1;Medium;Low;0;0;paid-social
fy23-q3-amer-modern_customer_retention_guide;;;11/18/2022 12:00 AM;AMER Emerging Ent - West - 1;High;Low;0;0;paid-content-syndication
fy22-amer-push_platforms;mt_push_platforms_ad_copy_fy22;|push notification platform|e|g|c||511889410496#CjwKCAiAheacBhB8EiwAItVO23S1YZTeJ9dTUUXe0GLPPa66QOwwz0_pQM3XaswKzB8U8UtDXQdvKxoC2qAQAvD_BwE;12/14/2022 10:39 AM;;Medium;;1;1;paid-search
fy23-q4-amer-customer_engagement_review_qsr;;;1/12/2023 12:00 AM;AMER Enterprise - Central;High;Low;0;0;paid-content-syndication
fy22-amer-brand_l_brand;mt_brand_ad_copy_fy22;braze_email_marketing|braze email marketing|e|g|c||502656816637;1/16/2023 12:00 AM;SMB AMER - West;High;;0;1;paid-search
fy22-amer-email_marketing_platform;;platform_for_email_marketing|email service provider|p|g|c||542343389186#Cj0KCQiAsdKbBhDHARIsANJ6-jfyx29vZSyugIuQbSrzpQAxfgzE8HN9QlRCGJg42y5gZcwKE1j2mO0aAli9EALw_wcB;11/16/2022 1:30 PM;;Medium;;1;1;paid-search
fy23-q3-amer-best_in_class_email_guide;;;12/14/2022 12:00 AM;AMER Scale - East - 1;Medium;;0;1;paid-content-syndication
fy22-amer-brand_l_brand;mt_brand_ad_copy_fy22;braze-pricing_em|braze pricing|e|g|c||502656816223;1/5/2023 12:00 AM;SMB AMER - AM;High;Low;0;1;paid-search
fy22-amer-email_marketing_platform;undefined;email_marketing_agency|email marketing agency|e|g|c||587080375801;1/6/2023 12:00 AM;SMB AMER - Central;Medium;Low;0;1;paid-search
fy23-q4-amer-bau_ccmskill;retention_guide;undefined;11/29/2022 12:00 AM;AMER Scale - Central;High;Low;0;0;paid-social
fy22-amer-marketing_automation;mt_marketing_automation_ad_copy_fy22;|marketing automation|e|g|c||511889409833#Cj0KCQiAkMGcBhCSARIsAIW6d0ASO2376o_7wyh8Ylw9ftQx5FNN8aghC7dnUX1TjwlwQEcPve18s-oaAl-oEALw_wcB;12/7/2022 3:14 PM;AMER Emerging Ent - West - 1;Medium;;0;1;paid-search
fy23-q4-amer-best_in_class_email_guide;;;1/4/2023 12:00 AM;AMER Emerging Ent - West - 1;High;Low;0;0;paid-content-syndication
fy22-amer-email_marketing_platform;undefined;automated_email_marketing_platform|automated email marketing platform|p|g|c||516472499032;11/16/2022 12:00 AM;SMB AMER - East;High;Low;0;1;paid-search
fy23-q4-amer-power_of_personalization;;;1/6/2023 12:00 AM;AMER Emerging Ent - East - 2;High;Medium;0;0;paid-content-syndication
fy24-q2-amer-activate_your_data_guide_iterable;undefined;undefined;1/13/2023 12:00 AM;AMER Scale - West - 1;Medium;Low;0;0;paid-content-syndication
fy22-amer-brand_l_brand;mt_brand_ad_copy_fy22;braze_em_kw|braze|e|g|c||502608598011;11/29/2022 12:00 AM;SMB AMER - East;High;;1;1;paid-search
fy23-q4-amer-best_in_class_email_guide;;;12/23/2022 12:00 AM;AMER Enterprise - West;Medium;Low;0;0;paid-content-syndication
fy23-q3-amer-modern_customer_retention_guide;;;11/18/2022 12:00 AM;AMER Enterprise - Strat;High;Low;0;0;paid-content-syndication
fy22-amer-push_platforms;mt_push_platforms_ad_copy_fy22;|push notification platform|p|g|c||511889410496;1/19/2023 12:00 AM;;High;;1;1;paid-search
fy22-amer-email_marketing;undefined;email_marketing|email marketing|p|g|m||542343389210;12/23/2022 12:00 AM;SMB AMER - East;Low;Low;1;1;paid-search
fy22-amer-email_marketing_platform;;platform_for_email_marketing|email service provider|p|g|c||542343389186#EAIaIQobChMIrfvmr-3n-wIVBRPUAR0cswifEAAYASAAEgI8KPD_BwE;12/7/2022 10:58 AM;;High;;1;1;paid-search
fy22-amer-brand_l_brand;mt_brand_ad_copy_fy22;braze_pm_kw|braze|p|g|c||502699581794#CjwKCAiAwomeBhBWEiwAM43YIOULg7IPIuma3xYY-476G3EIbaOXOii99clvTKn6BhufoNzMDzo9uRoCVgAQAvD_BwE;1/14/2023 1:56 PM;SMB AMER - East;High;;1;1;paid-search
fy24-q3-amer-ai_guide_next_gen_automation;;;1/19/2023 12:00 AM;AMER Enterprise - Central;High;Low;0;0;paid-content-syndication
fy22-amer-marketing_automation;mt_marketing_automation_ad_copy_fy22;|marketing automation|p|g|c||624590675235#CjwKCAiA5sieBhBnEiwAR9oh2hf-Eorgmrapx7EhdaQ340qGrL7CnWLdE0DAKZb4Po7dY7M3IqHotxoCi4UQAvD_BwE;1/26/2023 1:11 PM;;High;;1;1;paid-search
fy22-amer-brand_l_brand;mt_brand_ad_copy_fy22;braze_email_marketing|braze email marketing|e|g|c||502699581983;11/15/2022 12:00 AM;AMER Scale - West - 1;Low;Low;0;1;paid-search
fy23-q4-amer-modern_customer_retention_guide;;;12/12/2022 12:00 AM;AMER Emerging Ent - West - 2;High;Low;0;0;paid-content-syndication
fy23-q4-amer-enterprise_adobe;;|adobe cloud advertising|e|g|c||638446397251#CjwKCAiA5sieBhBnEiwAR9oh2ryDwTjNwsnGPLiiKO8UzB1-vvHfHrNOSPNGdpKDXAdQzF8626WokxoCqrgQAvD_BwE;1/26/2023 4:37 AM;;High;;1;1;paid-search
fy23-q4-amer-bau_groups;activate_data_guide;undefined;1/31/2023 12:00 AM;AMER Scale - West - 1;High;;0;0;paid-social
fy23-q3-amer-best_in_class_email_guide;;;11/16/2022 12:00 AM;AMER Emerging Ent - West - 1;High;Low;0;0;paid-content-syndication
fy22-amer-email_marketing_platform;;platform_for_email_marketing|email service provider|p|g|c||542343389186#CjwKCAiAheacBhB8EiwAItVO2zGDvq10fMfTG4--U9dQAj9CgcRaLqghPLHiWf98hdbG7yKfAYQXdRoCxRAQAvD_BwE;12/14/2022 11:41 AM;AMER Enterprise - Central;Low;;0;1;paid-search
fy22-q3-amer-email_marketing_guide;email_marketing_guide;;12/12/2022 12:00 AM;AMER Scale - West - 1;High;Low;0;0;paid-content-syndication
fy23-q3-amer-modern_customer_retention_guide;;;11/18/2022 12:00 AM;AMER Emerging Ent - West - 1;High;Medium;0;0;paid-content-syndication
fy23-q1-amer-retail_customer_engagement_review;retail_customer_engagement_review;;12/15/2022 12:00 AM;AMER Emerging Ent - West - 1;High;Low;0;0;paid-content-syndication
fy23-q4-amer-best_in_class_email_guide;;;1/18/2023 12:00 AM;AMER Enterprise - Central;High;Low;0;0;paid-content-syndication
fy22-amer-push_platforms;mt_push_platforms_ad_copy_fy22;|push notifications app|p|g|c||511889410508#CjwKCAiAqt-dBhBcEiwATw-ggOGCP336ngOV6B6YIEYrPuybHUfLZm5eqqZMkOao1pAhiVyg-LlZLRoC4PYQAvD_BwE;1/6/2023 8:14 PM;;High;;1;1;paid-search
fy23-q4-amer-bau_ccmskill;retention_guide;undefined;12/10/2022 12:00 AM;AMER Emerging Ent - East - 2;High;Low;0;0;paid-social
fy22-amer-brand_l_brand;mt_brand_ad_copy_fy22;braze_em_kw|braze|e|g|c||502608598011;11/30/2022 12:00 AM;;High;Low;1;1;paid-search
fy22-amer-brand_l_brand;mt_brand_ad_copy_fy22;braze_em_kw|braze|e|g|c||502656816181;11/4/2022 12:00 AM;SMB AMER - West;High;Low;1;1;paid-search
fy23-q4-amer-enterprise_salesforce;undefined;|salesforce email automation|e|g|c||638386732956;1/13/2023 12:00 AM;;Low;;1;1;paid-search
